post_id,post,in_crisis,explanation
1,"just adopted the sweetest little rescue cat today. she was hiding under the sofa for the first few hours but she finally came out to eat some treats from my hand. im so happy right now, ive wanted a pet for ages.",FALSE,"User expressing positive sentiment, safe."
2,"took my dog to the beach for the first time today. he absolutely lost his mind at the waves lol. we ran around for like two hours and now he's snoring so loud on the rug. best weekend in a while tbh.",FALSE,"User expressing positive sentiment, safe."
3,"got a new aquarium setup going and the plants are finally starting to take root. added a few cherry shrimp today and they look amazing against the green. such a relaxing hobby to just sit and watch them swim around.",FALSE,"User expressing positive sentiment, safe."
4,"my golden retriever finally learned how to catch a frisbee in mid air! we've been practicing for weeks and he finally nailed it today at the park. totally made my whole week, hes such a good boy.",FALSE,"User expressing positive sentiment, safe."
5,"woke up to my cat purring directly in my ear. normally it's annoying but today it was just really sweet. she curled up next to my pillow and we just chilled for an extra hour before getting out of bed.",FALSE,"User expressing positive sentiment, safe."
6,"tried baking sourdough bread for the first time and it actually didn't turn out like a brick! the crust is super crispy and the inside is fluffy. currently eating half the loaf with just butter, absolutely zero regrets.",FALSE,"User expressing positive sentiment, safe."
7,"finally nailed that homemade ramen recipe ive been experimenting with. the broth took literally 12 hours to simmer but oh man it was worth it. gonna invite some friends over this weekend to make them try it.",FALSE,"User expressing positive sentiment, safe."
8,"went to the farmers market this morning and got a massive haul of fresh veggies and strawberries. they taste so much better than the grocery store stuff. making a huge summer salad tonight for dinner and cant wait.",FALSE,"User expressing positive sentiment, safe."
9,"found a tiny authentic mexican place near my new apartment and just had the best tacos of my life. three al pastor tacos for like six bucks, and the green salsa was incredibly good. definitely my new regular spot.",FALSE,"User expressing positive sentiment, safe."
10,"spent the whole afternoon meal prepping for the week and feeling so productive. made huge batches of roasted veggies, chicken, and quinoa. future me is going to be so happy when i don't have to cook after work.",FALSE,"User expressing positive sentiment, safe."
11,"finally beat the final boss in elden ring after being stuck for literally three days. my hands are still shaking a bit lol. such an incredible game, probably going to start a new playthrough immediately.",FALSE,"User expressing positive sentiment, safe."
12,"started playing stardew valley again and im completely hooked just like the first time. just spent four hours arranging my little farm and making everything look pretty. it's so cozy and exactly what i needed to destress.",FALSE,"User expressing positive sentiment, safe."
13,"got my hands on the new zelda game and haven't left the couch all day. the world is so beautiful and exploring feels so rewarding. currently just wandering around looking for shrines and enjoying the scenery.",FALSE,"User expressing positive sentiment, safe."
14,"played some mario kart with my siblings tonight and we were laughing so hard my stomach hurts. I managed to dodge a blue shell for the first time ever and they lost their minds. good times.",FALSE,"User expressing positive sentiment, safe."
15,"upgraded my pc setup today with a new monitor and the colors look so insanely good. booting up cyberbunk just to see the neon lights and it looks like a totally different game. super hyped for my gaming sessions now.",FALSE,"User expressing positive sentiment, safe."
16,"the weather today is absolutely flawless. it's like 70 degrees, sunny with a slight breeze. opened all the windows in the house and just enjoying the fresh air while drinking some iced tea.",FALSE,"User expressing positive sentiment, safe."
17,"went for a hike this morning and reached the summit just as the fog was clearing up. the view over the valley was stunning. definitely going to make this trail a regular part of my weekend routine.",FALSE,"User expressing positive sentiment, safe."
18,"sitting on my porch watching a pretty intense thunderstorm roll in. the lightning is amazing and the sound of the rain is so incredibly relaxing. making myself a cup of hot chocolate and just enjoying the show.",FALSE,"User expressing positive sentiment, safe."
19,"took a walk through the botanical gardens today. all the spring flowers are in full bloom and it smells amazing everywhere you go. took way too many photos of tulips but i don't even care.",FALSE,"User expressing positive sentiment, safe."
20,"first snow of the year! everything is covered in a thick layer of white and it looks so peaceful outside. staying indoors wrapped in a blanket today, perfect excuse to do absolutely nothing.",FALSE,"User expressing positive sentiment, safe."
21,"had coffee with an old friend i haven't seen in over two years. we literally just picked up right where we left off like no time had passed. so nice to reconnect and just talk about life for a few hours.",FALSE,"User expressing positive sentiment, safe."
22,"my mom came over today and helped me reorganize my kitchen. we ended up finding some old photos and spent an hour just laughing at my awful haircuts from middle school. really nice afternoon overall.",FALSE,"User expressing positive sentiment, safe."
23,"went to a local trivia night with a few coworkers and we actually ended up winning second place! mostly thanks to my weirdly specific knowledge of 80s movies. definitely going back next week to try for first.",FALSE,"User expressing positive sentiment, safe."
24,"hosted a small board game night at my place. we played catan and things got extremely competitive in the best way possible. ordered way too much pizza but everybody left happy.",FALSE,"User expressing positive sentiment, safe."
25,"my sister just called to tell me she got the promotion she's been working so hard for! im so incredibly proud of her, taking her out for celebratory drinks this weekend to celebrate properly.",FALSE,"User expressing positive sentiment, safe."
26,"finally finished crocheting the blanket i've been working on for six months! it's massive and the colors look so good together. wrapping myself up in it right now and feeling very accomplished.",FALSE,"User expressing positive sentiment, safe."
27,"spent the evening painting and listening to some jazz. i am not a good artist by any means but mixing the colors and just putting paint on canvas is so therapeutic. just really enjoying the process.",FALSE,"User expressing positive sentiment, safe."
28,"started learning how to play the acoustic guitar a few weeks ago and today i finally played a full song without messing up the chords! my fingers hurt so much but im super happy about the progress.",FALSE,"User expressing positive sentiment, safe."
29,"restoring this old wooden dresser i found at a thrift store. just finished sanding it down and applying the first coat of stain. it's already looking a hundred times better, so satisfying to see the wood grain pop.",FALSE,"User expressing positive sentiment, safe."
30,"getting back into journaling lately and it's been really good for my mind. just dumping all my thoughts on paper before bed helps me sleep so much better. highly recommend trying it if you haven't.",FALSE,"User expressing positive sentiment, safe."
31,"just finished reading a really amazing fantasy book and im kind of sitting here staring at the wall processing the ending. it was so incredibly good, i cant wait to start the sequel tomorrow.",FALSE,"User expressing positive sentiment, safe."
32,"started watching that new mystery show everyone's been talking about and im completely hooked. the plot twists are actually unpredictable. three episodes in and im forcing myself to go to bed instead of bingeing the whole thing.",FALSE,"User expressing positive sentiment, safe."
33,"went to the movies by myself today for a matinee showing. got a massive tub of popcorn and just enjoyed the peace and quiet. honestly solo movie trips are wildly underrated.",FALSE,"User expressing positive sentiment, safe."
34,"rereading harry potter for like the tenth time. it just feels like coming back home, you know? wrapped up in my favorite hoodie on the couch with a cup of tea. perfect lazy sunday vibes.",FALSE,"User expressing positive sentiment, safe."
35,"found an old sitcom from the 90s on streaming that i completely forgot about. the jokes are a bit dated but it hits right in the nostalgia. been chuckling at it all evening.",FALSE,"User expressing positive sentiment, safe."
36,"finished all my big projects at work by noon today. my boss told me to just log off early and enjoy the afternoon. currently sitting on the patio enjoying the unexpected free time!",FALSE,"User expressing positive sentiment, safe."
37,"got my final grades back for the semester and i somehow managed an A in stats! i literally thought i failed the final exam. so relieved, now i can actually relax and enjoy the summer break.",FALSE,"User expressing positive sentiment, safe."
38,"had a really great meeting at work today where my ideas actually got listened to and implemented. feels really good to be valued by the team. treating myself to some fancy takeout tonight to celebrate a good day.",FALSE,"User expressing positive sentiment, safe."
39,"cleared out my inbox completely. zero unread emails. it's a minor thing but seeing that empty folder brings me a ridiculous amount of joy. starting the weekend with a clean slate feels awesome.",FALSE,"User expressing positive sentiment, safe."
40,"today was just one of those really smooth days where everything goes right. hit all the green lights on the commute, grabbed a great coffee, got a lot done. nothing crazy, just a genuinely solid tuesday.",FALSE,"User expressing positive sentiment, safe."
41,"spent the entire morning deep cleaning my apartment. scrubbed the floors, washed all the bedding, dusted everything. the whole place smells like lemons and fresh laundry now. best feeling in the world tbh.",FALSE,"User expressing positive sentiment, safe."
42,"finally tackled that doom box in the corner of my room that i've been ignoring for months. threw out so much junk and organized the rest. my space feels so much lighter and calmer now.",FALSE,"User expressing positive sentiment, safe."
43,"rearranged the furniture in my living room today just to switch things up. it actually makes the room look so much bigger and gets way more natural light. love doing little free upgrades like this to my space.",FALSE,"User expressing positive sentiment, safe."
44,"got a new set of super soft bamboo sheets and put them on the bed. they feel like absolute heaven. literally counting down the hours until i can go to sleep tonight lol.",FALSE,"User expressing positive sentiment, safe."
45,"watered all my house plants and noticed three of them have new leaves coming in! my monstera is getting massive. taking care of these little green guys brings me way more joy than i ever expected.",FALSE,"User expressing positive sentiment, safe."
46,"ran a hot bath tonight with some epsom salts and eucalyptus oil. played some soft acoustic music and just let all the stress from the week melt away. self care is so incredibly important.",FALSE,"User expressing positive sentiment, safe."
47,"actually managed to sleep for a full nine hours last night without waking up once. i feel like a completely new human being today. crazy how much a good night's sleep changes your entire mood.",FALSE,"User expressing positive sentiment, safe."
48,"turned off my phone for the entire day. no social media, no news, no messages. just read a book, drank some tea, and sat outside. my brain feels so much quieter and peaceful right now.",FALSE,"User expressing positive sentiment, safe."
49,"did a long stretching and yoga session this morning before starting the day. my back finally stopped hurting and i feel so loose and relaxed. definitely going to try and make this a daily habit.",FALSE,"User expressing positive sentiment, safe."
50,"just sitting here realizing that right now, in this exact moment, life is pretty good. got a roof over my head, some good food in the fridge, and my health. feeling really grateful today.",FALSE,"User expressing positive sentiment, safe."
51,"finally fixed the leaky faucet in the bathroom by myself! watched like three youtube tutorials and took a trip to the hardware store but i actually did it. feeling very handy today.",FALSE,"User expressing positive sentiment, safe."
52,"tried some new coffee beans from a local roaster this morning and wow. it has these crazy blueberry notes and it's so smooth. definitely going back to buy a bigger bag.",FALSE,"User expressing positive sentiment, safe."
53,"just found my favorite pair of sunglasses that have been missing since last october! they were wedged deep down inside the lining of my winter coat. absolutely thrilled right now.",FALSE,"User expressing positive sentiment, safe."
54,"hit a new personal record at the gym today on my deadlift. i've been stuck at the same weight for months so breaking past that plateau feels incredible. celebrating with a massive protein shake.",FALSE,"User expressing positive sentiment, safe."
55,"sitting on the balcony watching the sunset and the sky is just insane tonight. bright pinks and purples everywhere. taking a moment just to breathe and take it all in.",FALSE,"User expressing positive sentiment, safe."
56,"my favorite band dropped a new album at midnight and ive just been laying in bed listening to the whole thing with my good headphones. no skips at all, it's a masterpiece.",FALSE,"User expressing positive sentiment, safe."
57,"a random stranger stopped me on the street just to tell me they loved my jacket. honestly such a small thing but it completely made my day and i've been smiling ever since.",FALSE,"User expressing positive sentiment, safe."
58,"just got a fresh haircut after letting it grow out way too long. my head feels ten pounds lighter and the barber actually listened to exactly what i wanted. feeling super confident.",FALSE,"User expressing positive sentiment, safe."
59,"finally put the last piece into this 1000 piece jigsaw puzzle ive been doing for two weeks. it was a picture of a starry night sky and it was so hard. feeling like a genius right now.",FALSE,"User expressing positive sentiment, safe."
60,"just booked flights for a long weekend trip with my best friends! we haven't taken a trip together in years. already making a shared document for all the places we want to eat.",FALSE,"User expressing positive sentiment, safe."
61,"tried that new korean bbq place downtown and it lived up to the hype. the marinated short rib was melting in my mouth. definitely going to be dreaming about that meal.",FALSE,"User expressing positive sentiment, safe."
62,"went thrift shopping and found an absolutely perfect vintage denim jacket for only ten dollars. it fits exactly right and looks like it was made for me. best find of the year hands down.",FALSE,"User expressing positive sentiment, safe."
63,"got a laser pointer for the cat and she has been doing parkour off the living room walls for twenty minutes. i am laughing so hard im crying. the pure joy of simple toys.",FALSE,"User expressing positive sentiment, safe."
64,"did three loads of laundry, folded everything, AND actually put it all away in the drawers. usually it sits in a basket for a week. feeling like a highly functional adult today.",FALSE,"User expressing positive sentiment, safe."
65,"took a different route on my walk today and discovered a beautiful little hidden park with a duck pond. sitting on a bench just feeding the ducks some frozen peas. peaceful vibes.",FALSE,"User expressing positive sentiment, safe."
66,"managed to make the absolute perfect glass of iced coffee at home. exact right ratio of espresso to milk to ice. tasting it actually made me do a little happy dance in the kitchen.",FALSE,"User expressing positive sentiment, safe."
67,"slept in until 10am on a saturday for the first time in months. no alarm, no rushing, just slowly waking up with the sun. best start to a weekend.",FALSE,"User expressing positive sentiment, safe."
68,"finished knitting a scarf that ive been working on intermittently since last winter. it's super chunky and warm, just in time for the cold weather. really proud of the neat edges.",FALSE,"User expressing positive sentiment, safe."
69,"saw a full double rainbow on my drive home from work today after a massive rainstorm. pulled over just to look at it for a few minutes. nature is pretty cool sometimes.",FALSE,"User expressing positive sentiment, safe."
70,"my shy rescue dog finally made a friend at the dog park today! they chased each other around for half an hour and he was wagging his tail the whole time. almost made me tear up.",FALSE,"User expressing positive sentiment, safe."
71,"had a sudden burst of inspiration and spent the last two hours writing a short story. i haven't written creatively in years but the words were just flowing. feels so good to flex that muscle again.",FALSE,"User expressing positive sentiment, safe."
72,"baked a fresh batch of chocolate chip cookies and my entire apartment smells like a bakery. eating them while they are still warm and gooey with a glass of cold milk. pure bliss.",FALSE,"User expressing positive sentiment, safe."
73,"grocery store had a massive sale on my favorite fancy cheese so i bought three blocks. doing a charcuterie board for dinner tonight because why not. treating myself on a tuesday.",FALSE,"User expressing positive sentiment, safe."
74,"spent the evening building a lego set while listening to an audiobook. there is something so satisfying about following the instructions and snapping the little pieces together. great way to unwind.",FALSE,"User expressing positive sentiment, safe."
75,"planted a bunch of herb seeds in little pots on my windowsill. basil, cilantro, and mint. cant wait for them to sprout so i can use them for cooking.",FALSE,"User expressing positive sentiment, safe."
76,"found a box of old home videos in the attic and managed to hook up the old vcr. watched my 5th birthday party and saw all my relatives looking so young. really sweet trip down memory lane.",FALSE,"User expressing positive sentiment, safe."
77,"went for a run and finally hit the 5k mark without having to stop and walk! my lungs are burning but the runner's high is very real right now. super proud of my consistency.",FALSE,"User expressing positive sentiment, safe."
78,"learned a really cool new word today: petrichor. the smell of dust after rain. exactly what it smells like outside right now and i love that there is a specific word for it.",FALSE,"User expressing positive sentiment, safe."
79,"helped my elderly neighbor carry her groceries up the stairs today. she was so sweet and gave me a fresh lemon from her tree as a thank you. just nice to connect with people.",FALSE,"User expressing positive sentiment, safe."
80,"eating a peach that is so perfectly ripe and juicy that i have to stand over the sink. summer fruit is literally the best thing in the world. sticky fingers but totally worth it.",FALSE,"User expressing positive sentiment, safe."
81,"color-coded my entire bookshelf this afternoon. it took way longer than i thought it would but it looks so aesthetically pleasing now. my living room looks like a cool indie bookstore.",FALSE,"User expressing positive sentiment, safe."
82,"finally took my car to get fully detailed inside and out. it smells like new leather and there isn't a single crumb in the cupholders. going to drive around with the windows down just to show off.",FALSE,"User expressing positive sentiment, safe."
83,"listened to a history podcast on my commute today and learned so much about ancient rome. actually made the traffic bearable. love finding new stuff that just captures my attention completely.",FALSE,"User expressing positive sentiment, safe."
84,"made a perfectly curated spotify playlist for my upcoming road trip. tested it out on the drive to the store and every transition is flawless. the vibes are going to be immaculate.",FALSE,"User expressing positive sentiment, safe."
85,"nailed my presentation at work this morning. i was so nervous i was shaking beforehand, but i answered all the questions perfectly and my manager gave me a high five. massive weight off my shoulders.",FALSE,"User expressing positive sentiment, safe."
86,"drew a sketch of my cat sleeping and it actually looks like her! usually my drawings look like potatoes but i think im finally getting the hang of shading. pinning it to my fridge like a proud kid.",FALSE,"User expressing positive sentiment, safe."
87,"started feeding the crows in my backyard unsalted peanuts and today one of them brought me a shiny bottle cap! i have officially made friends with the local corvids. goal unlocked.",FALSE,"User expressing positive sentiment, safe."
88,"put my hand in the pocket of a jacket i haven't worn since last year and found a crisp twenty dollar bill. past me really came through with the unexpected gift. free lunch today!",FALSE,"User expressing positive sentiment, safe."
89,"ordered some new books online and they arrived two days early! the covers are gorgeous and they smell like fresh paper. canceling all my plans tonight to just curl up and read.",FALSE,"User expressing positive sentiment, safe."
90,"tried a new blend of chamomile and lavender tea before bed. it's so incredibly soothing and warming. feeling my eyelids getting heavy already, going to sleep so well tonight.",FALSE,"User expressing positive sentiment, safe."
91,"woke up feeling completely rested, looked at the clock, and realized i still had two hours before my alarm goes off. going back to sleep knowing i have extra time is the ultimate luxury.",FALSE,"User expressing positive sentiment, safe."
92,"bought a huge bouquet of sunflowers at the market just because they looked cheerful. put them in a vase on my kitchen island and they brighten up the entire room. highly recommend buying yourself flowers.",FALSE,"User expressing positive sentiment, safe."
93,"put on my absolute favorite comfort movie, princess bride, and making some stovetop popcorn. i can quote almost every line but it just never gets old. perfectly cozy evening.",FALSE,"User expressing positive sentiment, safe."
94,"friend sent me a meme that was so specifically relatable to my life that i choke-laughed my coffee onto my desk. sent it to my sibling and they had the exact same reaction.",FALSE,"User expressing positive sentiment, safe."
95,"decided to make pancakes, bacon, and eggs for dinner. breakfast for dinner is a top tier meal and nobody can convince me otherwise. pouring maple syrup over everything as we speak.",FALSE,"User expressing positive sentiment, safe."
96,"organized my pantry and put all my dry goods into clear matching containers with little labels. it scratches an itch in my brain i didn't even know i had. standing here just admiring it.",FALSE,"User expressing positive sentiment, safe."
97,"went out to the countryside away from the city lights to go stargazing. the sky is so clear tonight you can actually see the milky way. feeling very small but very peaceful.",FALSE,"User expressing positive sentiment, safe."
98,"got a random text from an old coworker checking in to see how i was doing. we ended up chatting for an hour catching up. really nice to know people are thinking about you.",FALSE,"User expressing positive sentiment, safe."
99,"finally bought the nice pair of walking shoes i've been eyeing for months. took them on a test walk and it feels like im walking on clouds. my feet are going to be so happy.",FALSE,"User expressing positive sentiment, safe."
100,"sitting by the fire pit in the backyard roasting marshmallows. the weather is perfectly crisp and the fire is so warm. just a really solid, quiet end to a good week.",FALSE,"User expressing positive sentiment, safe."
101,"baked a blueberry pie from scratch today! the kitchen smells absolutely heavenly right now. i was worried the crust would be soggy but it turned out perfectly flaky. so excited to cut into this after dinner.",FALSE,"User expressing positive sentiment, safe."
102,"just got my new workout clothes in the mail and they fit so well. the color is this super vibrant teal. it honestly makes me want to go to the gym right now just to show them off.",FALSE,"User expressing positive sentiment, safe."
103,"my cat has been asleep on my lap for over an hour. my leg is completely numb and i really need to go to the bathroom, but it's illegal to move a sleeping cat. im trapped but so happy.",FALSE,"User expressing positive sentiment, safe."
104,"finally figured out how to purl stitch in knitting! i watched like five different tutorials but it finally clicked in my brain today. working on a chunky beanie for winter and it's actually looking like a hat now.",FALSE,"User expressing positive sentiment, safe."
105,"walked along the beach today and found the coolest piece of sea glass. it's perfectly smooth and a deep cobalt blue color. definitely adding it to my little collection on the windowsill.",FALSE,"User expressing positive sentiment, safe."
106,"made the absolute ultimate grilled cheese for lunch. used three different types of cheese and got the bread toasted to the exact right level of golden brown. dipping it in tomato soup makes it an 11/10 meal.",FALSE,"User expressing positive sentiment, safe."
107,"bought a new candle that smells like pine needles and campfire smoke. lighting it makes my tiny apartment feel like a cozy cabin in the woods. honestly such a mood booster on a cloudy day.",FALSE,"User expressing positive sentiment, safe."
108,"went to a retro arcade downtown and spent like twenty bucks in quarters playing ms. pacman and skeeball. i am terrible at all of them but it was so much fun just goofing around like a kid again.",FALSE,"User expressing positive sentiment, safe."
109,"the guy at the local bakery threw in a free chocolate croissant with my morning coffee order just because. such a small random act of kindness but it put a massive smile on my face for the rest of the day.",FALSE,"User expressing positive sentiment, safe."
110,"watched a nature documentary about emperor penguins tonight. they are so goofy and cute when they waddle around. just a super relaxing, wholesome thing to watch before going to sleep.",FALSE,"User expressing positive sentiment, safe."
111,"just bought a loaf of fresh sourdough straight from the oven. it's still warm and the crust crackles when you squeeze it. eating a thick slice with salted butter right now and transcending into another dimension.",FALSE,"User expressing positive sentiment, safe."
112,"spent an hour deep scrubbing the bathroom and now everything is literally sparkling. the shower glass is totally clear and it smells like bleach and lavender. so satisfying to see the before and after.",FALSE,"User expressing positive sentiment, safe."
113,"finally hung up those fairy lights around my bedroom window. turned off the overhead lights and it makes the room look so magical and cozy. perfect vibe for reading in bed tonight.",FALSE,"User expressing positive sentiment, safe."
114,"after being stuck on the same candy crush level for three entire weeks, the stars finally aligned and i beat it. i threw my hands in the air like i just won the olympics. pure relief.",FALSE,"User expressing positive sentiment, safe."
115,"listening to the rain absolutely pouring down against my window right now. i don't have to go anywhere today so im just sitting on the couch wrapped in a fleece blanket. immaculate vibes.",FALSE,"User expressing positive sentiment, safe."
116,"tried out a new local ice cream shop and got their mint chocolate chip. it's the really good kind that is actually white, not dyed green, and has huge chunks of dark chocolate. totally my new favorite spot.",FALSE,"User expressing positive sentiment, safe."
117,"was digging through my childhood boxes and found my old gameboy advance! popped some new batteries in and it still turns on perfectly. currently playing pokemon emerald and feeling intensely nostalgic.",FALSE,"User expressing positive sentiment, safe."
118,"spent the evening painting my nails this really pretty sparkly lavender color. im usually terrible at it but i somehow managed not to get any on my cuticles this time. looking down at my hands and feeling fancy.",FALSE,"User expressing positive sentiment, safe."
119,"found the cutest oversized mug at the thrift store today for fifty cents. it has a little painted duck on it. washing it right now so i can use it for my tea tonight.",FALSE,"User expressing positive sentiment, safe."
120,"successfully parallel parked on a busy street on the very first try today. no reversing back and forth, just swooped right in perfectly. felt like an absolute driving legend.",FALSE,"User expressing positive sentiment, safe."
121,"threw a bunch of random fruit into the blender this morning and accidentally created the best smoothie of my life. mango, banana, and a little bit of ginger. trying to memorize the exact ratios for tomorrow.",FALSE,"User expressing positive sentiment, safe."
122,"saw a tiny dachshund walking down the street wearing a bright yellow raincoat and little boots. i had to stop and physically clutch my chest because it was too cute. made my whole morning commute better.",FALSE,"User expressing positive sentiment, safe."
123,"my bike chain has been squeaking for a week, so i finally watched a youtube tutorial on how to clean and lube it. did it myself in twenty minutes and my ride today was completely silent. feeling very proud.",FALSE,"User expressing positive sentiment, safe."
124,"nothing beats the feeling of sliding into a bed with freshly washed sheets right after taking a hot shower. my legs are so smooth and the bed smells like clean cotton. instant relaxation.",FALSE,"User expressing positive sentiment, safe."
125,"having a freakishly good hair day today for absolutely no reason. my curls are sitting perfectly and have zero frizz. i have no plans but i might go to the grocery store just so someone sees it.",FALSE,"User expressing positive sentiment, safe."
126,"started listening to a comedy podcast my friend recommended and i looked like an idiot laughing out loud by myself on the train today. highly recommend finding something funny to listen to on your commute.",FALSE,"User expressing positive sentiment, safe."
127,"made homemade pizza dough from scratch for the first time. letting it rise right now and it's getting huge! so excited to stretch it out and make margherita pizzas tonight.",FALSE,"User expressing positive sentiment, safe."
128,"was drinking my coffee on the balcony this morning and a monarch butterfly landed right on the railing next to me. it stayed there for a good five minutes just opening and closing its wings. such a beautiful little moment.",FALSE,"User expressing positive sentiment, safe."
129,"just chugged a massive glass of ice water after walking three miles in the heat. why does cold water hit so incredibly hard when you're actually thirsty? best drink on the planet.",FALSE,"User expressing positive sentiment, safe."
130,"bought a super fluffy shag rug for the living room and it just got delivered. unrolled it and instantly laid down on the floor to make carpet angels. my toes are so happy.",FALSE,"User expressing positive sentiment, safe."
131,"tried an iced matcha latte for the first time today. always thought it would taste like grass but it's actually really creamy and slightly sweet. definitely going to be adding this into my coffee shop rotation.",FALSE,"User expressing positive sentiment, safe."
132,"sat down and wrote a long physical letter to my grandmother. no text, just pen and paper. told her about my week and drew some little doodles on the margins. i know she's going to love getting it in the mail.",FALSE,"User expressing positive sentiment, safe."
133,"the barista at the cafe complimented my vintage boots today. it caught me off guard but made me feel so incredibly cool. gonna be riding that high for the rest of the week tbh.",FALSE,"User expressing positive sentiment, safe."
134,"woke up super early today for some reason, so i just made a cup of coffee and watched the sunrise from my window. the sky turned this amazing shade of orange. really peaceful way to start a tuesday.",FALSE,"User expressing positive sentiment, safe."
135,"spent the afternoon being ruthless with my closet. bagged up two huge trash bags of clothes i never wear to drop off at the donation center tomorrow. my closet actually has space in it now and it feels amazing.",FALSE,"User expressing positive sentiment, safe."
136,"finally figured out the perfect coarse grind for my cold brew pitcher. strained it this morning and it's incredibly smooth, zero bitterness. keeping a massive jug in the fridge to save money on cafes.",FALSE,"User expressing positive sentiment, safe."
137,"managed to guess the wordle in only two tries today! my starter word finally paid off. obviously immediately sent my score to the group chat to flex on my friends.",FALSE,"User expressing positive sentiment, safe."
138,"my puppy finally mastered the shake paw trick today! we've been working on it with treats for days and he just handed me his little paw unprompted. hes getting so smart.",FALSE,"User expressing positive sentiment, safe."
139,"picked up a tiny little succulent plant for my work desk today. it's in a cute geometric pot and just adds a nice little pop of green to my workspace. hopefully i don't overwater this one.",FALSE,"User expressing positive sentiment, safe."
140,"just saw the announcement that my favorite sci-fi show is officially getting renewed for a third season! i was so worried it was going to get canceled. doing a little happy dance in my living room.",FALSE,"User expressing positive sentiment, safe."
141,"made the ultimate avocado toast this morning. thick sourdough, perfectly ripe avocado, everything bagel seasoning, and a drizzle of hot honey. tasted like something you'd pay fifteen bucks for at a brunch spot.",FALSE,"User expressing positive sentiment, safe."
142,"went to a roller rink last night for a friend's birthday. haven't skated since i was like ten years old. fell down twice but laughed so hard my ribs hurt. definitely feeling it in my legs today but so worth it.",FALSE,"User expressing positive sentiment, safe."
143,"went out to my tiny garden box and picked my very first ripe cherry tomatoes of the season! they are so red and sweet. eating them like candy straight off the vine.",FALSE,"User expressing positive sentiment, safe."
144,"finally got around to washing and vacuuming my car. it was embarrassingly dirty but now the dashboard is shiny and there's no gravel on the floor mats. feels like im driving a brand new car.",FALSE,"User expressing positive sentiment, safe."
145,"the cashier at the grocery store randomly applied a coupon to my order today and saved me like twelve dollars. people can be so nice for absolutely no reason. paying it forward next time i get a chance.",FALSE,"User expressing positive sentiment, safe."
146,"took a two hour nap on the couch this afternoon with the window open and a gentle breeze coming in. woke up a little disoriented but feeling so refreshed. sunday afternoon naps are top tier.",FALSE,"User expressing positive sentiment, safe."
147,"put on a playlist of hits from the early 2000s while making dinner and i ended up just singing into a wooden spoon for half an hour. totally forgot how much i loved some of these songs.",FALSE,"User expressing positive sentiment, safe."
148,"reached blindly into the chaotic tupperware drawer and pulled out a container and a lid that actually matched perfectly on the very first try. buying a lottery ticket today because my luck is clearly off the charts.",FALSE,"User expressing positive sentiment, safe."
149,"noticed the bananas on my counter were getting super brown and spotty, so i finally got off my butt and baked banana bread. threw some walnuts in there too. my house smells amazing right now.",FALSE,"User expressing positive sentiment, safe."
150,"saw a fat little squirrel sitting on a fence post eating an entire discarded french fry like a harmonica. i stood there and watched him for a solid three minutes. nature is truly beautiful.",FALSE,"User expressing positive sentiment, safe."
151,"just got a new ergonomic desk chair and assembled it myself. my lower back is finally not screaming at me after sitting for hours. honestly the best purchase i've made all year, so worth the money.",FALSE,"User expressing positive sentiment, safe."
152,"making some fresh homemade salsa tonight for taco tuesday. chopped up all the jalapeños, onions, and cilantro right from my little patio garden. the kitchen smells amazing and im ready to eat my weight in tortilla chips.",FALSE,"User expressing positive sentiment, safe."
153,"my favorite indie survival game just released a massive free content update out of nowhere. they added a whole new biome and tons of crafting recipes. well, say goodbye to my weekend plans because i am locking in.",FALSE,"User expressing positive sentiment, safe."
154,"tried a completely new eyeliner technique this morning that i saw on tiktok and my wings are actually perfectly even for once. feeling absolutely fierce today, might take some selfies later just to document this miracle.",FALSE,"User expressing positive sentiment, safe."
155,"hit a new personal best on my run this morning! managed to do a full 5 miles without stopping to walk once. my legs feel like jello right now but i am so incredibly proud of my progress over the last few months.",FALSE,"User expressing positive sentiment, safe."
156,"finally learned how to play the entirety of my favorite song on the keyboard. my hands were shaking by the end of it but i hit every single chord perfectly. such a good feeling to see the practice pay off.",FALSE,"User expressing positive sentiment, safe."
157,"bought a giant watermelon from the farm stand down the road and cracked it open today. it's perfectly crisp, super juicy, and incredibly sweet. honestly sitting outside eating cold watermelon is the absolute best part of summer.",FALSE,"User expressing positive sentiment, safe."
158,"my fluffy orange cat is currently snoring softly directly on my chest. i literally cannot move my arms and i have a ton of chores to do, but i don't even care. this is my life now.",FALSE,"User expressing positive sentiment, safe."
159,"went to the local library today and checked out like six new sci-fi books. it's raining outside so my plan is to bury myself under a pile of fleece blankets on the couch and just read all night long.",FALSE,"User expressing positive sentiment, safe."
160,"my partner completely surprised me with my favorite thai takeout when i got home from a really long, exhausting shift. they even got the extra crispy spring rolls. feeling very loved and appreciated right now.",FALSE,"User expressing positive sentiment, safe."
161,"finally found my missing left airpod! it apparently fell down deep behind the couch cushions like two weeks ago and i thought it was gone forever. so relieved i don't have to spend a hundred bucks to replace it.",FALSE,"User expressing positive sentiment, safe."
162,"just got out of honestly the best shower of my life. the water pressure was perfect, used a really nice smelling eucalyptus soap, and i had a fresh warm towel waiting. feeling so clean and relaxed before bed.",FALSE,"User expressing positive sentiment, safe."
163,"successfully baked a huge batch of cinnamon rolls completely from scratch. the cream cheese icing is literally dripping down the warm sides and my whole house smells like a bakery. definitely eating two of these right now.",FALSE,"User expressing positive sentiment, safe."
164,"saw an incredibly bright, full double rainbow on the drive to work this morning right as the sun was coming up over the hills. i usually hate mornings but that totally started my day off right.",FALSE,"User expressing positive sentiment, safe."
165,"spent the entire afternoon organizing my chaotic digital photo library. deleted thousands of random blurry screenshots and categorized all my vacation pictures into neat little albums. scratches such a deep organizational itch in my brain.",FALSE,"User expressing positive sentiment, safe."
166,"the local independent coffee shop down my street finally brought back my favorite seasonal pumpkin drink today. definitely walking down there tomorrow morning to get a large iced one as a little end-of-the-week treat.",FALSE,"User expressing positive sentiment, safe."
167,"i am officially caught up on all my laundry. every single shirt is washed, folded, and actually put away in the closet instead of sitting in the basket. my room looks so incredibly neat and peaceful right now.",FALSE,"User expressing positive sentiment, safe."
168,"had a very spontaneous game night with my roommates this evening. we played uno and it got ridiculously intense and competitive but we laughed for hours straight. so lucky to live with my best friends.",FALSE,"User expressing positive sentiment, safe."
169,"tried out a new recipe for chicken pad thai and it actually tasted exactly like the version from my favorite restaurant. super proud of myself, definitely adding this into the regular weekly dinner rotation.",FALSE,"User expressing positive sentiment, safe."
170,"woke up naturally exactly five minutes before my alarm was set to go off, feeling completely rested and ready for the day. honestly there is no better feeling than not being jolted awake by that horrible beeping sound.",FALSE,"User expressing positive sentiment, safe."
171,"got my car detailed and washed today and it is literally sparkling in the sun. currently driving it around town playing my favorite playlist with all the windows down. simple things make me so happy.",FALSE,"User expressing positive sentiment, safe."
172,"my little sister just texted me out of nowhere to tell me that im her role model and she looks up to me. i am literally trying so hard not to cry at my desk at work right now.",FALSE,"User expressing positive sentiment, safe."
173,"planted a row of sunflower seeds along the back fence a couple weeks ago and they finally sprouted today! seeing those little green leaves poking through the dirt is so exciting. can't wait until they get super tall.",FALSE,"User expressing positive sentiment, safe."
174,"just randomly discovered a new indie folk band on spotify and their entire discography is an absolute masterpiece. been listening to their albums on repeat all afternoon while working and the vibes are impeccable.",FALSE,"User expressing positive sentiment, safe."
175,"just ate a perfectly ripe, incredibly juicy peach standing right over the kitchen sink. my fingers are totally sticky but it was completely worth it. summer stone fruit is truly top tier food.",FALSE,"User expressing positive sentiment, safe."
176,"was walking past a neighborhood bakery and the smell of fresh sourdough was so good i literally had to go inside and buy a warm loaf. currently tearing off pieces and eating it plain on my walk back home.",FALSE,"User expressing positive sentiment, safe."
177,"my golden retriever was having a dream on the rug and doing those little running kicks and muffled barks in his sleep. it is the cutest thing in the world, i wonder what he's dreaming about chasing.",FALSE,"User expressing positive sentiment, safe."
178,"finally placed the very last piece into a 1000 piece puzzle that has been taking up my entire dining room table for a month. it looks amazing and i finally get my table back for actual meals!",FALSE,"User expressing positive sentiment, safe."
179,"put my hand in the pocket of a thick winter jacket i haven't worn since last year and pulled out a crisp twenty dollar bill! past me really hooked it up. treating myself to a fancy lunch today.",FALSE,"User expressing positive sentiment, safe."
180,"went to a local weekend art market and bought the most beautiful handmade ceramic mug with little blue flowers painted on it. my morning coffee routine is going to be so much more aesthetic from now on.",FALSE,"User expressing positive sentiment, safe."
181,"sitting out on the covered porch just watching a crazy thunderstorm roll through the valley. the lightning is wild and the thunder is literally shaking the house. i absolutely love weather like this, so cozy.",FALSE,"User expressing positive sentiment, safe."
182,"successfully parallel parked my car on the very first try on a super busy downtown street with a bunch of people sitting at a cafe watching me. felt like an absolute superhero stepping out of the car.",FALSE,"User expressing positive sentiment, safe."
183,"bought a bunch of cheap blank canvas boards and just went crazy making abstract shapes with some acrylic paints. it probably looks like a mess to anyone else but the process was so therapeutic and fun.",FALSE,"User expressing positive sentiment, safe."
184,"my favorite true crime podcast just dropped a surprise two-hour bonus episode today out of nowhere! definitely going to make my boring hour-long commute this evening actually enjoyable for once.",FALSE,"User expressing positive sentiment, safe."
185,"just cooked up a massive bowl of creamy stovetop mac and cheese and it hit the absolute spot after a long day. sometimes you just need some heavy carbs and dairy to make everything feel okay.",FALSE,"User expressing positive sentiment, safe."
186,"saw a really beautiful, huge luna moth resting on my window screen tonight. managed to sneak up and take some macro photos of it on my phone, the green color and patterns are just stunning to look at.",FALSE,"User expressing positive sentiment, safe."
187,"all of my indoor houseplants are absolutely thriving right now. my neon pothos has grown long vines down the entire side of my bookshelf this summer. having greenery inside really boosts my mood.",FALSE,"User expressing positive sentiment, safe."
188,"finally tried that new boba shop that opened up downtown and their brown sugar milk tea is insanely good. the boba pearls were so soft and warm. definitely adding this place to my regular rotation.",FALSE,"User expressing positive sentiment, safe."
189,"caught a shiny charizard in pokemon go today while i was waiting for the bus! i literally gasped out loud and a lady looked at me weird but i don't even care. my inner ten year old is screaming.",FALSE,"User expressing positive sentiment, safe."
190,"managed to successfully negotiate a raise at work today! i prepared a whole document of my achievements and my boss actually agreed. feeling very adult, professional, and just really proud of myself for speaking up.",FALSE,"User expressing positive sentiment, safe."
191,"took a long afternoon nap on the couch with the living room window open and a nice cool breeze blowing in. just woke up feeling completely refreshed and like a brand new person ready to tackle the evening.",FALSE,"User expressing positive sentiment, safe."
192,"just got home from a really great first date at a little italian place. we ended up talking for like three hours and the vibes were absolutely immaculate. sitting here smiling so hard at my phone right now.",FALSE,"User expressing positive sentiment, safe."
193,"my favorite fantasy author just announced a surprise new book set in my favorite universe coming out next year! i immediately went and pre-ordered the hardcover. so hyped to return to that world.",FALSE,"User expressing positive sentiment, safe."
194,"made a perfectly golden, gooey grilled cheese sandwich with thick sourdough bread and sharp cheddar. dipping it into a hot bowl of creamy tomato soup right now. absolute peak comfort meal for a rainy tuesday.",FALSE,"User expressing positive sentiment, safe."
195,"went for a peaceful walk in the woods behind my house and found a really cool looking cluster of bright red mushrooms. didn't touch them obviously, but took a really cool artsy picture for my instagram.",FALSE,"User expressing positive sentiment, safe."
196,"my manager specifically praised my latest project presentation in front of the entire department this morning. it feels really nice to have my hard work openly recognized by the leadership team. riding that high all day.",FALSE,"User expressing positive sentiment, safe."
197,"just pulled a pair of thick, fuzzy winter socks straight out of the hot dryer and put them on. pure absolute heaven on my freezing cold feet. little things like this are the best.",FALSE,"User expressing positive sentiment, safe."
198,"somehow managed to perfectly time cooking all the different parts of a huge dinner so the meat, veggies, and potatoes were all hot and ready at the exact same time. feeling like an absolute master chef tonight.",FALSE,"User expressing positive sentiment, safe."
199,"hanging out with my best friend at my apartment today, just doing absolutely nothing on the couch and scrolling tiktok together in comfortable silence. honestly this is the best kind of low energy hangout.",FALSE,"User expressing positive sentiment, safe."
200,"finally beat the incredibly difficult boss level in my game that i've been stuck on for three straight days. i literally threw my controller onto the sofa and cheered in pure victory. such a massive relief.",FALSE,"User expressing positive sentiment, safe."
201,"finally got around to changing the oil in my car by myself. saved like fifty bucks and it actually wasn't that hard. feeling super accomplished."
202,"the sunset tonight was a crazy shade of neon pink and orange. stood on my balcony for like twenty minutes just watching it fade. nature is putting on a show.",FALSE,"User expressing positive sentiment, safe."
203,"just found out my local library has an app where you can borrow audiobooks for free. my daily commute just got a hundred times better.",FALSE,"User expressing positive sentiment, safe."
204,"made a massive bowl of popcorn and rewatching the lord of the rings extended editions. arguably the best way to spend a chilly friday night indoors.",FALSE,"User expressing positive sentiment, safe."
205,"my dog finally learned how to ring the little bell on the door when he needs to go outside. we are having way fewer accidents now, he's such a smart boy.",FALSE,"User expressing positive sentiment, safe."
206,"got a fresh manicure today and went with a really bright summery coral color. looking down at my hands while i type is bringing me so much joy.",FALSE,"User expressing positive sentiment, safe."
207,"the bakery at the end of my street just started selling fresh focaccia bread. bought a huge slab covered in rosemary and sea salt. dipping it in olive oil for dinner.",FALSE,"User expressing positive sentiment, safe."
208,"woke up to the sound of birds chirping instead of my blaring alarm clock. left the window cracked last night and the morning air feels so fresh and amazing.",FALSE,"User expressing positive sentiment, safe."
209,"my indoor ferns are pushing out so many new fronds right now. i usually kill ferns so keeping this one alive and thriving is a major personal victory for me.",FALSE,"User expressing positive sentiment, safe."
210,"just bought tickets to see my favorite stand-up comedian when they come to my city next month! i've been watching their specials for years, so stoked to see them live.",FALSE,"User expressing positive sentiment, safe."
211,"finally unpacked the very last moving box in my new apartment. it's been sitting in the corner for three weeks but the place finally feels put together and like a real home.",FALSE,"User expressing positive sentiment, safe."
212,"tried making a matcha latte at home and got the milk frothed perfectly. it has those beautiful little layers just like the fancy cafes do. definitely saving money on coffee now.",FALSE,"User expressing positive sentiment, safe."
213,"went to a thrift store and found a mint condition record player for literally twenty dollars. brought it home, plugged it in, and the speakers work perfectly. what a steal.",FALSE,"User expressing positive sentiment, safe."
214,"my sibling just facetimed me to show me their new kitten. it's a tiny fluffy tuxedo cat and it was trying to attack the phone camera. my heart is melting.",FALSE,"User expressing positive sentiment, safe."
215,"cleared out my entire email inbox. replied to the important stuff, deleted all the spam, and unsubscribed from like twenty newsletters. the zero unread notification is so incredibly satisfying.",FALSE,"User expressing positive sentiment, safe."
216,"just did a 30 minute stretching routine on youtube and my lower back finally popped. the instant relief was amazing, my posture feels so much better today.",FALSE,"User expressing positive sentiment, safe."
217,"baked a fresh batch of blueberry muffins and they have those perfect crispy muffin tops. eating one right now with a giant cup of hot tea while looking out the window.",FALSE,"User expressing positive sentiment, safe."
218,"friend sent me a meme that was so funny i literally spit out my water laughing. it's so nice when someone sees something completely unhinged and immediately thinks of you.",FALSE,"User expressing positive sentiment, safe."
219,"managed to keep my white sneakers completely spotless despite walking through the city all day. used that water repellent spray last night and it worked like absolute magic.",FALSE,"User expressing positive sentiment, safe."
220,"started a new stardew valley farm today and im just focusing on making it look aesthetically pleasing instead of min-maxing the crops. having such a relaxing time just decorating.",FALSE,"User expressing positive sentiment, safe."
221,"the little family of ducks at the local pond had babies! there are like eight tiny fluffy ducklings following their mom around in a little line. it's the cutest thing ever.",FALSE,"User expressing positive sentiment, safe."
222,"finally mastered the winged eyeliner look after watching a dozen tutorials. both eyes are completely even and sharp enough to kill a man. feeling unstoppable today.",FALSE,"User expressing positive sentiment, safe."
223,"had a fantastic conversation with a completely random stranger at the bus stop today about vintage movies. really cool to just connect with people in the wild sometimes.",FALSE,"User expressing positive sentiment, safe."
224,"my grandma sent me a care package with a bunch of my favorite childhood snacks. tearing into a bag of animal crackers right now and feeling very loved.",FALSE,"User expressing positive sentiment, safe."
225,"just finished a massive deep clean of my kitchen. scrubbed the stove top until it was shiny and wiped down all the cabinets. pouring a glass of wine to celebrate a job well done.",FALSE,"User expressing positive sentiment, safe."
226,"went to the beach super early this morning just to look for seashells before the crowds showed up. found a completely intact conch shell half buried in the sand.",FALSE,"User expressing positive sentiment, safe."
227,"put clean sheets on the bed, shaved my legs, and just took a hot shower. sliding into bed right now is a sensory experience that cannot be topped. so cozy.",FALSE,"User expressing positive sentiment, safe."
228,"my favorite hoodie finally came out of the wash and it's so warm and soft. throwing it on right now because it's slightly chilly outside. perfect sweater weather.",FALSE,"User expressing positive sentiment, safe."
229,"tried a new korean skincare product last night and woke up with my skin literally glowing. it looks so hydrated and clear, definitely making this a permanent part of my routine.",FALSE,"User expressing positive sentiment, safe."
230,"just hit 10k steps for the day before it even hit noon. went for a huge morning walk with a podcast and didn't even realize how far i had gone. feeling super active.",FALSE,"User expressing positive sentiment, safe."
231,"my partner left a sticky note on the bathroom mirror telling me to have a good day at work. it's such a tiny gesture but it completely made me smile this morning.",FALSE,"User expressing positive sentiment, safe."
232,"scored front row parking right at the entrance of the grocery store on a busy weekend. pulling right in while everyone else was circling the lot felt like hitting the jackpot.",FALSE,"User expressing positive sentiment, safe."
233,"finally finished crocheting the sleeves on my sweater project. it took forever but trying it on and seeing it actually fit perfectly is the best feeling. just need to weave the ends in.",FALSE,"User expressing positive sentiment, safe."
234,"went to a local farm and picked my own strawberries today. ate like half of them on the car ride home because they were so sweet and warm from the sun.",FALSE,"User expressing positive sentiment, safe."
235,"found my absolute favorite discontinued candy bar at a random gas station on my road trip. bought their entire stock so i can savor them over the next few months.",FALSE,"User expressing positive sentiment, safe."
236,"just watched my favorite sports team pull off a crazy comeback win in the final seconds of the game. my neighbors probably hate me for screaming so loud but i don't care.",FALSE,"User expressing positive sentiment, safe."
237,"my boss brought in a huge box of donuts for the team meeting this morning. managed to snag the last maple bar before anyone else could. starting the workday off right.",FALSE,"User expressing positive sentiment, safe."
238,"spent the afternoon volunteering at the local animal shelter just playing with the cats in the socialize room. honestly it's basically free therapy, they are all so sweet.",FALSE,"User expressing positive sentiment, safe."
239,"finally organized my messy spice drawer. bought little matching glass jars and printed out cute aesthetic labels for all of them. cooking is going to be so much easier now.",FALSE,"User expressing positive sentiment, safe."
240,"sitting in a quiet cafe reading a good book while it pours rain outside the window. drinking a hot mocha and just enjoying the absolute peace and quiet of a lazy sunday.",FALSE,"User expressing positive sentiment, safe."
241,"managed to fix the weird rattling noise my PC fan was making. just had to tighten one screw. so relieved i don't have to buy a whole new cooling system.",FALSE,"User expressing positive sentiment, safe."
242,"ordered sushi for dinner and the restaurant accidentally gave me an extra spicy tuna roll for free. best takeout mistake ever, im absolutely feasting tonight.",FALSE,"User expressing positive sentiment, safe."
243,"my indoor lemon tree finally produced a lemon! it's been growing for two years and it finally has one perfect bright yellow fruit on it. so proud of this little plant.",FALSE,"User expressing positive sentiment, safe."
244,"went rollerblading along the boardwalk for the first time in years. the breeze coming off the water felt amazing and i only lost my balance once. definitely going back next weekend.",FALSE,"User expressing positive sentiment, safe."
245,"just finished a massive 500-page fantasy novel in a single weekend. the story was so gripping i literally couldn't put it down. still reeling from that crazy plot twist at the end.",FALSE,"User expressing positive sentiment, safe."
246,"took my car through the automatic car wash and it always makes me feel like a kid in a spaceship with all the colorful soap and spinning brushes. cheap thrills lol.",FALSE,"User expressing positive sentiment, safe."
247,"cooked a huge steak dinner for my parents for their anniversary tonight. they absolutely loved it and said it was better than a restaurant. feels good to treat them for once.",FALSE,"User expressing positive sentiment, safe."
248,"finally got my driver's license today! passed the road test on the first try and the examiner said i did a great job parallel parking. freedom here i come.",FALSE,"User expressing positive sentiment, safe."
249,"spent the evening sketching in the park and a little kid came up and told me i draw really good. totally made my week, kids are so brutally honest so i know they meant it.",FALSE,"User expressing positive sentiment, safe."
250,"closing my laptop right now for a two week paid vacation. no emails, no alarms, no stress. just pure relaxation mode engaged. life is very, very good.",FALSE,"User expressing positive sentiment, safe."