board_name,thread_title,thread_url,post_number,post_text
Grief and loss,Welcome to the Grief and Loss section - Beyond Blue Forums - 611470,https://forums.beyondblue.org.au/t5/grief-and-loss/welcome-to-the-grief-and-loss-section/td-p/611470,1,"Hey there,
Welcome to the Grief and Loss section of the Beyond Blue Forums.
This section is for all discussions relating to how grief and loss has affected you- providing a space for you to express your feelings, discuss difficult moments and anniversaries, and honour the memories of your lost loved ones.
Everyone’s experience of grief or loss is unique. You might experience all kinds of difficult or overwhelming emotions, and you might sometimes wonder if the sadness will ever end. This - and anything in between - is a normal reaction to loss.
There is no right or wrong way to grieve, but it can help to allow yourself to share your grief, and let others support you.
Please be aware that discussions in this section of the Forums may include references to self-harm and suicide. Treat yourself gently as you read through this section.
If need more immediate support, we recommend reaching out to the following:
Beyond Blue Support Service
– any time,
chat online
to a counsellor or call
1300 22 4636
Griefline
– between 8am and 8pm (AEST), call
1300 845 745
to chat with a specially trained volunteer
You are not alone in this, and we are here to support one another. Thank you for being here.
Kind regards,
Beyond Blue"
Grief and loss,Grieving one's self - Beyond Blue Forums - 619897,https://forums.beyondblue.org.au/t5/grief-and-loss/grieving-one-s-self/td-p/619897,1,"Hi there,
I was diagnosed firstly with ADHD. This was something I could identify with. Then after two hospital stays I was further diagnosed with Bipolarity and then ASD. Big markers in your life. I also was successful if you could it that with the DSP. I am losing myself. My brother was killed in 2013 and I was abused by my father. I guess I never really took the fact of my trauma from the abuse given the realtively new diagnosies of me being in my 50s. I have always considered myself young at heart and have great natural connections with the young, animals and seniors. But I am truly lost in all of this."
Grief and loss,Grieving one's self - Beyond Blue Forums - 619897,https://forums.beyondblue.org.au/t5/grief-and-loss/grieving-one-s-self/td-p/619897,2,"Hi there,
Thank you for sharing this so openly. There is a lot in what you’ve been through, and it makes sense that it would feel overwhelming.
Receiving multiple diagnoses later in life can really shift how you see yourself and your past. It can bring up questions like “Who am I really?” and “What has shaped me?” On top of that, carrying the loss of your brother and the impact of abuse from your father is a lot for one person to hold. It’s understandable that it might feel like everything is catching up at once.
When you say you feel like you’re losing yourself, that really stands out. It sounds like you’re trying to make sense of your identity while also processing trauma that perhaps didn’t have space to be fully understood before.
I also want to reflect something back to you. You describe yourself as someone who connects naturally with others, across all ages and with animals. That warmth and ability to connect is still part of you, even if things feel unclear right now. Sometimes when everything feels shaken, those core parts can feel harder to access, but they don’t disappear.
It’s really positive that you’ve been able to access support in the past, and it could be helpful to have a space now where you can gently explore both your diagnoses and your past experiences with someone trained in trauma-informed care. Services like the Blue Knot Helpline (1300 657 380) specialise in supporting people with complex trauma and could be a good place to start. You’re also always welcome to reach out to the Beyond Blue Support Service on 1300 224 636 if you feel like talking things through.
You’re not alone in feeling this way, even though it can feel very isolating. Thank you again for trusting the community with your story. If you feel up to it, you’re very welcome to keep sharing.
Kind regards,
Sophie M"
Grief and loss,Grieving one's self - Beyond Blue Forums - 619897,https://forums.beyondblue.org.au/t5/grief-and-loss/grieving-one-s-self/td-p/619897,3,"Hi Takoyaki
My heart goes out to you so much as you manage to make sense of so much trauma while trying to gain a liberating sense of who you naturally are. These are two massive undertakings, not small or basic by any means. You need to give yourself credit for stepping foot on the path of greater
self
understanding. Such a challenging path, for sure.
While you have
some
understanding of who you naturally are (young at heart with a great natural connection with the young, animals and seniors), an extended understanding can relate to who many of us were to begin with. As small children, a lot of us began as wonderful (full of wonder), curious, energetic, questioning, challenging, open minded, imaginative and more. For one reason or another, we can lose a number of those traits or natural abilities but all is not lost. We can regain them under certain circumstances. A
longing
to regain them or return to them is a good start. I imagine you're somewhat of a 'sensitive'. If you're a bit of a reader, 'Sensitive Is The New Strong' by Anita Moorjani is an interesting read.
I think something to keep in mind can involve how we're taught to manage and practice our abilities or
not
taught. How are we taught to manage and
practice
a sense of wonder, a sense of curiosity, a sense of energy,  a sense of open mindedness, a sense of imagination and more? In other words, how are we taught to
fully come to our
senses
? How are we taught to master the energy that runs through us (mental, physical and natural), master the ability to feel or sense so much and master all other things worth mastering? Are we taught anything other than 'You have a problem' or 'You have all these
faults
', as opposed to 'You have all these unmastered
abilities
that are making your life somewhat of a hell on earth experience'?"
Grief and loss,I think my sister is dead - Beyond Blue Forums - 620076,https://forums.beyondblue.org.au/t5/grief-and-loss/i-think-my-sister-is-dead/td-p/620076,1,"sorry for information overload, i want somehwere to unload this, its been weighing me down.
i think my sister may be dead.
im a child of divorce, my mother had four kids, which i am the youngest one and i fear im the only one alive i dont have memories growing up with them becuase of my age, but we lived all toghether up until i was 4, they moved to a different country while i stayed in my home country with my mother
my brother had depression, and both of mysisters had muscular dystrophy
she stayed in contact with my siblings as best as she could all these years, she'd tell me to say hi and talk to them, i never understood why my sisters couldnt speak and my brother translated what they were trying to say, i thought he had magical pwoers that helped him understand their mumbles and groans
across a time period, my eldest sister stopped shwoing up, i never saw her in the calls anymore, i still dont know whtat happened, but i want to hope that shes not dead, maybe she's being cared for elsewhere
thenmy brother killed himself a few years ago, i wasnt meant to find out, it was an accident, coinicdence that that was the day my mom dropped me to school, it was terrifying to see my mom break down, i got traumatized by the experience of finding out he died
it was then just my older sister, we'd call her on my way to school and say hi, catch up on her health
her condition got worse, she couldnt even groan anymore, it stung seeing her lay immobile on the bed, they said her condition was getting a bit better though
and then it stopped, i never see my mom call that number anymore, she doesnt talk about her anymore
m not the most mentally stable person, is she not telling me because of that ?
i want to ask but i dont know if i should, i dont want to make my momsad either, i love her so much and dont want her to be sad . im scared, and i dont know what to do."
Grief and loss,I think my sister is dead - Beyond Blue Forums - 620076,https://forums.beyondblue.org.au/t5/grief-and-loss/i-think-my-sister-is-dead/td-p/620076,2,"Dear Zea~
I'd like to give you a warm welcome here at the Forum. I'm afraid life has given both you  and your mother a very hard time with the deaths of your brother and one sister and you are unsure about the other. On top of it all never getting together as your family split up when you were young.
Of course this has has a great life-changing effect upon you, but by the sound of it, despite your unwanted thoughts, I'd guess you are coping better than your mum, who looks at you and wonders. I guess it would be only natural to wonder if you were to become ill too.
Sadly your sisters had long term illnesses, and how they felt would have been very hard for them and those that loved them, and while you may not have been told about your elder sister I'd imagine you are already pretty sure.
Yes, to know for certain would set your mind at rest , however asking your mother might be giving her a very high price to pay to think your older sister and to answer you. Then again although she does not talk about her it might be a relief not to hide tihngs and be able to talk frankly. Sometime a trouble shared makes it easier.
I don't know your mum so you would be the best judge of her reaction. You are only young and to have this burden on you is unfair, frightening and very hard. Parents, well at least loving ones like your mum, want to ease the lives of their children.
I know I'm not being much help, I'm not recommending asking or not asking, just setting out a few thoughts. Your mum is lucky to have a young person that considers her welfare so much.
It may help to talk to the
Kids Help Line
, who can be a comfort, have great experience with the troubles young people have and can give good advice.
You would be welcome anytime if you would like to talk about this or any other things that trouble you
Croix"
Grief and loss,I think my sister is dead - Beyond Blue Forums - 620076,https://forums.beyondblue.org.au/t5/grief-and-loss/i-think-my-sister-is-dead/td-p/620076,3,"thank you very much for the kind words, they mean a lot. i'll definately try reach out to the kids help line, thank you so so much for takign time to respond to this
😀"
Grief and loss,I lost my cat and I am lost - Beyond Blue Forums - 620061,https://forums.beyondblue.org.au/t5/grief-and-loss/i-lost-my-cat-and-i-am-lost/td-p/620061,1,"Hi guys, I had to put my cat to sleep on Tuesdsy due to heart issues and i feel immense guilt to the point of my body cant function. i am shaking, bursting into tears and pacing the house. i feel sick like i am going go vomit constatntly. I dont want to eat but I force myself. i rescused this cat from being surrended two times when he was a kitten and he was a very vocal cat that needed attention, and i was lucky enough to spend most of my days at home with him.
ive lost a dog before, but this is different. when you spoke to him he looked you at you, and followed us everywhere as he just wanted to be wrapped up in our arms or by our side whenever he could.
The guilt i feel in feeling like I rushed the decision and feeling like i should have brought him home to just be sure he didnt magically get better or last longer is eating me alive.
its 3:30am and im up waiting to be woken by him, or looking for a sign hes here. my brain keeps tricking me and telling me hes just outside and he will be in later....i go and double check to see if his little face is waiting at the door to come in.
the house is lonely, quiet and i just want him back, if he came back i would be okay, i promise myself that. He was a big emotional support for me too, as i have suffered with anxiety all my life. And everytime i saw him i smiled, lit up and talked to him. I am a broken lady.
His was rushed to emergency two months ago, but i thought the issue was fixed. They said his breathing was bad and he would have to go to emergency again and most likely have surgery which would cost a lot, and no promise he would get better or make it. I feel so guilty that i shortened his life and i was meant to protect him like i promised from when i rescued him. xox"
Grief and loss,I lost my cat and I am lost - Beyond Blue Forums - 620061,https://forums.beyondblue.org.au/t5/grief-and-loss/i-lost-my-cat-and-i-am-lost/td-p/620061,2,"Hi and welcome to our forums.
Firstly I want to say I am so sorry for your loss. Pet or human loss is hard. My family dog passed a little over 10years ago (we grew up together) and I still almost break out in tears when I talk or think about him for too long. However, I can promise that those phantom feelings do ease, and do slowly get better. It does take time.
Secondly, I would like to say that I’m sure your beautiful kitty would have felt comforted being put to sleep in that moment rather than leaving you unexpectedly. You had the opportunity to hold him and let him know he was loved in his final moments. I unfortunately did not have this when my dog passed. And hope that when the unfortunate time comes that I will be there with my cat when it is her time.
I wish you the best! Time heals all 🫶"
Grief and loss,bereavement - Beyond Blue Forums - 619787,https://forums.beyondblue.org.au/t5/grief-and-loss/bereavement/td-p/619787,1,i am nt sure whether this will be approved re stand by bereavement support for survivors of ppl taking their life that u can find via google i learnt of them via a community centre i c a lived experience lady who had a friend pass away they are an excellent service
Grief and loss,bereavement - Beyond Blue Forums - 619787,https://forums.beyondblue.org.au/t5/grief-and-loss/bereavement/td-p/619787,2,"Hi, welcome
Forums like this one do cater for members that seek such lived experience support. We not only have members in that situation but Community Champions that have a vast expanse of experience on many topics and a library using ""search"".
I had a brother suicide at 26yo, I was 24. I had an uncle that did at 82yo I was 47. I attempted at 39yo I'm 70 now and my daughter and sister have also attempted. Most important is the post event be it attempt or fatal. In 1996 with my moment I was one week prior to separating, two young kids and for 11 years suffered spouse abuse (emotional). The services available then were not as great as now and I can recall I visited a GP for many weeks and was the only person that actually commended me for my courage in surviving my marital situation, such a compliment went a long way towards my rehabilitation.
Survivors of ppl that take their own lives have specific needs in my experience in particular guilt and/or anger that sometimes needs some professional attention depending upon the individual and the person passed. eg my brothers effected me a lot especially as I was at the time working in a jail a place that was void of personal emotions with tough exterior. My uncle was a WW2 Kokoda trail veteran with a long history of depression, sad but it was half expected.
So, yes many people need help post their loved one taking their own life in the form of group therapy or professional medical care. Some might not and they are divided between those that should get it but hide their hurt and some that can cope with it ok. Indeed that lady you spoke to was utilising her own experience to comfort.
I hope that help your query, If you'd like to repost with further details of your situation to discuss it I'm more than willing to help more especially with coping strategies.
""Sometimes living life in someone's honour is the best form to eventually propel you moving forward..."" TWK
TonyWK"
Grief and loss,Surrendered puppy - Beyond Blue Forums - 619568,https://forums.beyondblue.org.au/t5/grief-and-loss/surrendered-puppy/td-p/619568,1,"My sister has a dog and I thought i would get a puppy so they can be friends. Her dog is reactive to other dogs so i thought it would be good socialising. Also i wanted a puppy for a long time. I realised on the first day i had this feeling of regret but pushed thru for my family. But it was affecting my mental health which already wasnt good. Puppies are no joke. My family werent able to help as much as i thought cos they had work&school so it was just me and the puppy alone everyday, setting boundaries, training, enforced naps, etc. I was burnt out, not eating and drinking in the afternoon and started to feel suicidal - which is why I surrendered her 3 months ago only after 10 days of having her. This is after researching that puppies are great at adapting to change and i thought i would rehome earlier than later for her benefit. She was put in foster care straight away from the shelter & quickly found a home with a family with kids. (Had to email shelter to get an update. Im unable to get updates from new family so im just trusting strangers which is smthing ive had to learn from this) I just feel so much guilt for getting my familys hopes up. They wanted her too but werent willing to change their schedules to help. Which is why i also feel let down by them, just an unfortunate situation. Of course no one in the family wants to talk abt it (i tried but theyre very short with their responses) so ive been stuck in my own head for 3 months. It seems like theyve moved on. I miss that puppy and i know logically i did the right thing and i dont regret it but ive just been sad this whole time. Honestly ive progressed so much since then but some days are harder & its constantly on my mind which is draining"
Grief and loss,Surrendered puppy - Beyond Blue Forums - 619568,https://forums.beyondblue.org.au/t5/grief-and-loss/surrendered-puppy/td-p/619568,2,"Also i just want to say the feeling of being suicidal i would NEVER act out, i should have clarified that. Thats why i rehomed the day after and im doing a lot better now. Im just dealing with guilt and feeling like i failed"
Grief and loss,Surrendered puppy - Beyond Blue Forums - 619568,https://forums.beyondblue.org.au/t5/grief-and-loss/surrendered-puppy/td-p/619568,3,"Hi Frya
I’m sorry to learn about your challenging experience with your puppy. I’m sure you did the best you could and I know how hard it is because I’ve raised a few puppies myself.
While I know it was a very difficult decision to re-home the puppy, please always remember that you did the right thing.
It’s okay to feel sad about not having the puppy, but in my opinion it’s unhelpful and unnecessary to feel like you are a failure. The way I see it, you handled the situation really well.
You demonstrated the ability to make a sound, tough decision—and that kind of judgment is a very good thing.
You acted with intelligence and a kind heart, as you conducted research and acted quickly in the puppy’s best interests.
You showed you have the insight to know when your mental health is suffering and the courage to act. There was nothing to be gained by letting yourself fall unwell.
There are many people who would not have acted so responsibly in the same situation.
You took a leap of faith to try something new and learned that it wasn’t for you. That’s okay. That’s how we all learn.
Kind thoughts to you"
Grief and loss,Surrendered puppy - Beyond Blue Forums - 619568,https://forums.beyondblue.org.au/t5/grief-and-loss/surrendered-puppy/td-p/619568,4,"Thank you. It means a lot, i started crying a bit haha"
Grief and loss,Surrendered puppy - Beyond Blue Forums - 619568,https://forums.beyondblue.org.au/t5/grief-and-loss/surrendered-puppy/td-p/619568,5,Just wanted to chyme in with my 2c and share a bit of empathy. My little puppy I only got barely a year ago and he was an asbolute nightmare to train - and cos he's a stubborn little dahcshund there's still plenty of training that needs to be done with him. Don't feel too bad - you will get a puppy when you're ready. I didn't get my first pet until I was 38 years old!
Grief and loss,Surrendered puppy - Beyond Blue Forums - 619568,https://forums.beyondblue.org.au/t5/grief-and-loss/surrendered-puppy/td-p/619568,6,Thank you. Im happy for u and your pup! I hope youre doing alright. Puppies are a challenge. Maybe i'd get a cat in the far future. But i dont think i'd be able to without being reminded of the puppy. Ah well live and learn
Grief and loss,Pet loss and grief - Beyond Blue Forums - 618928,https://forums.beyondblue.org.au/t5/grief-and-loss/pet-loss-and-grief/td-p/618928,1,"My dog of almost 15 years is almost at the end of her life. We're at the stage of deciding when is the right time to let her go. I struggle so much because it never feels like the right time. I do not cope well with loss at all. I can't eat, I cry all the time. My heart hurts so much. She's been with our family for so long. She was our baby before we had kids. They don't know life without her either.
My mum passed away from cancer when I was 16. My daughter also battled cancer as a baby. I know I can get through grief, but man its such a struggle. I seriously hurt so much with things coming to an end. The grief is intense. I feel rage. I hurt so much I just want it all to end so I don't feel this way. Anyway, just wanted to vent and share how I was feeling."
Grief and loss,Pet loss and grief - Beyond Blue Forums - 618928,https://forums.beyondblue.org.au/t5/grief-and-loss/pet-loss-and-grief/td-p/618928,2,"Well it's never easy when we loose or know we are about to loose a loved one, person or pet. Nothing can really make it easier even though it's a natural process, and is a normal part of life. In this case the important thing is that your dog doesn't suffer and I'm sure she knows how much you love her. I have had many many pets over the years and one thing is certain. You'll always have those memories and one day when it's right you'll choose to share your life and the families with another pet."
Grief and loss,Pet loss and grief - Beyond Blue Forums - 618928,https://forums.beyondblue.org.au/t5/grief-and-loss/pet-loss-and-grief/td-p/618928,3,"Hello, I can relate with the grief of losing a pet. I still remember the heartbreak when my cat died over 20 years ago. I wish you strength to get through this journey."
Grief and loss,Navigating Grief and Loss - Beyond Blue Forums - 617606,https://forums.beyondblue.org.au/t5/grief-and-loss/navigating-grief-and-loss/td-p/617606,1,"I’m coming here in the hope of reaching someone around my age who has experienced a similar loss.
For some context I am 27 and I lost my beautiful mum at the age of 11 after an eight-year battle with metastasised breast cancer. She was my best friend, and as the youngest of four girls, we shared a very special bond. After Mum passed, our dad did his absolute best to raise us through incredibly challenging times. Navigating teenagehood and life without a mum was, and still is, one of the hardest things I will ever go through.
Fast forward ten years and my dad passed away from pancreatic cancer. His battle was confronting, cruel and short, he was given just five months from diagnosis to his passing. I don’t think his death has truly sunk in yet. His anniversary is next week, which feels surreal to say, it’s been five years.
I am so incredibly grateful for my sisters. We are all very close, even though we live in different cities. I also have a beautiful group of friends and a supportive partner who does his best to be there for me. Still, I can’t help but feel a mix of emotions.
My grief comes in waves. Some days I honestly struggle to get out of bed. Other days I have more energy and positivity than I give myself credit for. I carry so much sadness, which often turns into anger, wondering why this had to happen to our family.
Recently, I’ve moved cities with my boyfriend and started a new job, and I can’t help but feel incredibly overwhelmed and, at times, quite negative. I’m usually a glass-half-full person, but lately I find myself feeling sorry for myself. I hate feeling that way, it brings up a lot of guilt, but I also know I should be allowed to feel this way given the amount of grief I’ve experienced and, truthfully, haven’t fully processed.
I often feel isolated, as none of my immediate friends have lost a parent let alone both. It makes me feel like I don’t have anyone who can truly relate to how I’m feeling."
Grief and loss,Navigating Grief and Loss - Beyond Blue Forums - 617606,https://forums.beyondblue.org.au/t5/grief-and-loss/navigating-grief-and-loss/td-p/617606,2,"Hi Elly12,
Welcome to the forums and thank you for reaching out to us.
I am so sorry for you losses, I am very glad you found your way here. I am no where near your age (60s) but I can empathise with and relate to what you are going through. I lost the first member of my family (my soul mate brother) when I was 14. It is incredibly difficult to process loss at a young age and in my case, I had very little support and also had no one of my age who had gone through loss. My best friend tried to understand but didn't because she hadn't been through it. It took me about 20 years to get over that loss and I still miss him to this day now 50 years later.
Years later I lost that best friend along with another good friend. Then in the space of 7 years, I lost 3 members of my family to cancer. I had been struggling with mental health all my life and all of the grief and loss over the years took its toll. I also went through the cancer diagnosis about 5 years later but I am all good now. I only have one family member left, a narcissist sister, who I have not considered family for many years so I have no contact with her. I think the hardest part was just after the third family member passed, coming to terms with no longer having family and what my future looked like without any family support. I can also imagine that you have had difficulty with becoming an orphan at a young age.
You absolutely have the right to feel the way you feel, we all process loss differently and in various time frames which can also vary from loss to loss. You have nothing to feel guilty about, you did not do any of this to yourself. You are blessed with the connection you have with your sisters, they understand perfectly the effect these losses have had. You may live at a distance, but these days that is not barrier to keeping on touch and would suggest you try to organise a regular (perhaps once a month) get together on zoom or similar. Just a girls night where anything goes, tears, laughter, your latest achievements, a new insight that has made a difference. Make it your time to be real with each other about whatever is going on in your lives.
I think the most important thing I have learned is that what I have been through has made me a better person, more compassionate, more understanding etc. I came to the forums because I was looking for a way to help others who are going through a crisis. What point would there be in any of it if we don't use our experience to help someone else. I know it will be difficult to get your head around at present, but I truly believe that our life experiences happen for a reason and that reason is usually to teach us something about ourselves.
There are other things I can suggest so please feel free to continue the conversation.
Thinking of you with care,
indigo
💜"
Grief and loss,Navigating Grief and Loss - Beyond Blue Forums - 617606,https://forums.beyondblue.org.au/t5/grief-and-loss/navigating-grief-and-loss/td-p/617606,3,"Dear Elly12,
I am not your age, nor have I experienced your type of loss.
However, I have had extensive time researching grief and loss.
You are incredibly strong for what you have been through and what you still carry today.
Grief doesn't have a timeframe or follow the six official stages of grief in a neat circle and then you are done. It ping pongs all over the stages and repeats many times. And it may do so for the rest of your life. At various severities. Your significant losses can be triggered by holidays and birthdays. Seeing something in the window of the shops that either of your parents used to use or like.
So, to get sad or angry are very valid feelings.
You are so strong and resilient. You probably don't notice it but reading your post it show's very strongly.
You have such deep love and so you feel the way you do because of that love.
And that is such a beautiful thing.
There other websites dedicated to grief. A simple search online will show you some Australian ones. They sometimes have forums there too.
Grief and help for it, isn't just for fresh or raw passings. It is for everyone who has experienced it. Sometimes not everyone can process all of it at the time it happens. There is no shame or guilt if you are still experiencing and exploring grief years later.
Some scars never fully heal over. And that isn't a sign of weakness or fault of your own. Sometimes those losses are just that big in a person's life.
I am glad you have people in your life, and I understand if you sometimes feel like they can't provide what you need. Perhaps a grief counselor can or even a psychologist may be able to support you more there.
Wishing you the best,
Doors24"
Grief and loss,Father passed 24 jan 2026 - Beyond Blue Forums - 617709,https://forums.beyondblue.org.au/t5/grief-and-loss/father-passed-24-jan-2026/td-p/617709,1,"my father passed away under a week ago and now I’m struggling with emotions. I’m sad I’m numb and now sometimes I’m angry. We have a blended family with stepmother‘s son the executor of the world. I do not know what is in the world. Part of me wants to contest and part of me just wants to let it go and let that side of the family disappear from my life. Also, I am a kindergarten teacher and if not face any student since six past and not sure how I deal with that. Or how you return to work or act normal. This is a very confusing time. Any advice would be greatly appreciated"
Grief and loss,Father passed 24 jan 2026 - Beyond Blue Forums - 617709,https://forums.beyondblue.org.au/t5/grief-and-loss/father-passed-24-jan-2026/td-p/617709,2,"Dear New Member~
Welcome here to the forum - I'm sorry you lost your dad
By the way you speak it does not sound as if you were particularly close to your step-mother or her children -would that be right or have I made a mistake?
So when it comes to stating in touch or writing them off it is partly how you feel about htem, partly how they feel about and treat you.
The will is another matter, if you are a beneficiary you will probably be told what was in the will otherwise oyu have to wait until probate is granted , which can be a long time.
In any case my own expereince when my mother's will was contested it was so hard it made me want to give up. I guess if there is lots of money involved a fair proportion will go to the legal profession and you many not win anyway -even worse be liable for costs
If it is a matter of keepsakes and memorabilia then maybe you can persuade them to give them to you.
Do you have anyone, bothers, sisters, friends to support you? Going it alone is hard.
I found going to work when my partner died was a blessing, I taught uni students, considerably older than the children you have to care for, however getting out of the house and dealing with other problems made a big difference.
You may also find
Griefline
councilors of some help
Croix"
Grief and loss,Father passed 24 jan 2026 - Beyond Blue Forums - 617709,https://forums.beyondblue.org.au/t5/grief-and-loss/father-passed-24-jan-2026/td-p/617709,3,I am sorry for your loss of your dad. My own dad left this earth last June. It isn't easy is it. All those emotions you mentioned that you feel sound pretty much like grief. And because of this it is challenging to make any logical decisions as the emotions can seem like giants. The confusion is mixed up in all that too. That has been my experience. I have no advice on any legal stuff as I just don't know enough about it. But I do know it is challenging seeing things clearly when we are emotional and we are looking at issues through heart felt grief glasses. Indeed I am sorry about your dad
Grief and loss,Father passed 24 jan 2026 - Beyond Blue Forums - 617709,https://forums.beyondblue.org.au/t5/grief-and-loss/father-passed-24-jan-2026/td-p/617709,4,"Hi Jetramix
My heart goes out to you so much regarding your dad's passing and so many mixed emotions. Such an incredibly challenging time in so many different ways, with so many questions surfacing on a daily basis. With my mum having passed last May, in the weeks following it felt like a powerful mental and emotional tornado that could be
felt
as a physical churning at times.
Regarding the will, if you can think of anyone you can speak to who's fully conscious of what's in the will, that would be your go to person or someone who could easily find out for you. As Croix mentions, waiting for probate would be another way to go.
Of course, everyone manages grief or loss differently. As a gal who sees emotions as being incredibly telling, in the earlier weeks and months after my mum's passing I struggled so much with figuring out what my emotions were trying to tell me. Over time and on reflection, I've come to make a lot of sense of them and will continue to do so as new emotions surface in the future. Emotional
growth
doesn't suddenly stop. I'd have to say the most challenging of all emotions involves an overwhelming sense of love, which still occasionally brings me to tears. At first this emotion felt like a form of torture yet over time I came to realise a heartbreaking loss can only come with a deeply heartfelt love. I can
feel
how deeply I loved and still love my mum. Sometimes I have to vent such an intense love out through my eyes. It's okay to do that. Such great love cannot be contained. The truth is I always believed I knew exactly how much I loved my mum when she was alive but with her passing the full extent has been revealed to me. Not sure if you can relate but another set of emotions that I still struggle with on occasion involve
feeling
a lack of a sense of direction, a sense of safety and a sense of reassurance. When someone is a great guide to us, a port of safety in life's stormy times and when they're someone who reassures us in a number of ways 'It's okay to be you. You are an amazing person doing your best', you can really feel the loss of such a presence in your life. So many emotions to figure out over time. Btw, I've found that it's not time that heals all wounds, it's the revelations that come to us over time that play an enormous part in the healing
and
the way forward.
The 'returning to work' part is definitely a challenge. I returned to work only 2 days after my mum's passing because I knew who I'd be working with, an incredible woman. She asked me 'What do you need from me?'. My response was along the lines of 'I need you to make me laugh as much as possible because if I don't laugh I'll cry'. I don't think I'd ever laughed so much at work outside of that first week back. Btw, during my breaks I'd sit in my car and cry. I wouldn't have returned to work so soon if it wasn't for the people I work with. Certain people can be conjurers of emotions we
need
to feel at times. They can offer a break from the tougher feelings. On the other hand, my husband (while trying to be supportive) only wanted to console me with hugs and what I
felt
as saddening words. While that works for some, I have a history of feeling the impact of depression and could only
feel
his approach bringing me down. I needed to be raised through laughter and much needed revelations, especially those relating to emotions and making sense of the many challenges that can come with great loss.
It can be such an unbelievably confusing time. How can we easily and completely make sense of an overwhelming challenge or set of challenges we've never faced before? It cannot be done in an instant, in a day, in a month or even in a year in some cases. Some may struggle to make sense of it all in a lifetime. I think part of the experience involves finding people/guides who can direct us toward the difference we can be so desperate to feel. I've found the greater the guides, the less time it can take.
❤️"
Grief and loss,Grief. 10 years later. - Beyond Blue Forums - 616364,https://forums.beyondblue.org.au/t5/grief-and-loss/grief-10-years-later/td-p/616364,1,"Hey.
I'm back again.
I don't really know where to begin. All I know is I want it to end.
The lonliness and feelings of being lost in a foreign place without him are very overwhelming.
Its 10 years next August.
10 years without my sweetheart is crazy.
20 years we spent together. 6 kiddos and a reality I will never be able to exist in ever again.
What a ride it was! I took it for granted. Now. It's gone.
I tried other relationships.
Got ""swept of my feet"" literally 5 months after he passed.
The guilt and shame and absolute disgust in myself for that decision haunts me every single day.
The guy ended up thinking he could access my then 14 yro daughter, whom I'm proud to say, spoke up right away. I kicked (i wished literally) him to the curb and supported my sweet girl throughout the court proceedings.
Can understand why people stopped wanting to be my friend after that though.
So, super isolated, with only my children ( who's love is unconditional) . But had to leave town. New community, new beginnings right?
Nope.
The pain. It follows me, the self doubt, the self loathing, the ugliness of it all tags along with me every single step and day I exist.  ... and....
You know what.....
I kinda think I deserve it tbh.
So I've become numb, things that excited me no longer make me smile.
I have to act to convince myself that I should be happy.
I mean, I'm great at being a social worker, I can slap my hat on for the day, and flick it off when I'm home.
Its not fair on the girls, now 16, 18 and 25. But I respond on cue, smile when everyone's laughing and just be there, in the moment, even though I'm miles away.
I'm morbidly obese at 122kilos and have become interestingly masculinly ( if that's a word) unattractive.
I now am just waiting to expire.
46 next week.
And I'm so so sad.
I'm sorry for the lengthy post.
I get it if none has even made it down this far.
But, I need to off load it somewhere.
Any words would be greatly appreciated. I dont know ..
🐌"
Grief and loss,Grief. 10 years later. - Beyond Blue Forums - 616364,https://forums.beyondblue.org.au/t5/grief-and-loss/grief-10-years-later/td-p/616364,2,"Dear Broken79~
Welcome back to the Forum - a good place to come. As you have found out change of location does not fix it all as you carry so much self-blame within you
When my wife died after many years together I had grief, loss, anger and all the emotions you would imagine - the same as you.
Not only had half of me just disappeared but I had to learn all the things I had relied upon her for. Discussions over decisions, impressions of people and so much more.
My life with her had been so good I wanted it to repeat and was luckier than you. By chance I found somebody, or they found me, and again I have that happy life -It has gone on for many years now and we are still  in love.
It happened quickly and we were married within a year, getting to know each other. Sadly the man you went with gave all the signs you wanted -even though later you found it was all a pretense.
There is no blame in wanting another sweetheart to share life within  5 months - it is not that short a time, if anything it is a compliment to what you had before and are anxious to return to.
So you had a horrible lesson, there are selfish and unscrupulous people in the world and they do make a practice of preying on the  vulnerable.
It is only luck we have not swapped places. I happened to find someone good.
You acted with dispatch when you found out what  he was doing - nobody could do more.
Now you are acting the same as many honest good hearted and loving people - you blame yourself -even to the extent of trying ot alter your appearance to drive off men. Of course looking from the outside I'd sat you did well all hte way though
Nobody should live with these destructive feelings for this long, please seek assistance, both with the grief and loss, and with the guilt. Can I suggest you see your GP and ask about a psychologist or councilor? I have had other losses and could not climb out by myself - it took help.
I was warmed to read ""my children ( who's love is unconditional) "". That is a treasure not all have.
I hope you would like to come back and talk some more
Croix"
Grief and loss,Grief. 10 years later. - Beyond Blue Forums - 616364,https://forums.beyondblue.org.au/t5/grief-and-loss/grief-10-years-later/td-p/616364,3,"Hi Broken79
First, I sincerely wish to give to you my most heartfelt apology for not replying to your post to me on your other thread. I either overlooked it or it's the glitchy thing going on with the forums, where all reply posts aren't getting through. Either way, my deepest apology.
❤️
I truly wish I was there with you, sitting beside you, encouraging you to do whatever you needed to do to help you through one of the most challenging and emotionally brutal times in your life. Whether it involved venting tears or words, I'd encourage it. Whether it involved making greater sense of everything, I'd encourage it. Whether it involved sitting for hours or days together, trying to figure out the best guides for you at this time, I'd be there for as long as it would take. The thought of a person managing all that on their own feels so heartbreaking. I believe one of the hardest things to manage would have to be the words 'I just don't know how to live anymore, under the circumstances'. Be kind to yourself, as no one's shown you how to do what you've never done before.
At both the worst and the most joyous times in life, we partner with people. Whether it's our spouse, our child, our parent, our friend or someone else, we share an experience with them. Whether we're relieving each other's sense of stress, sadness, anger, guilt or some other challenging emotion
or
we're experiencing certain highs together, we're not meant to be doing a lot of that stuff alone all the time. For you to have found someone to partner you through one of the toughest times in your life doesn't point to your faults, it points to your
needs
. The fact that they abused the privilege of being in your life and your family's life points to
their
faults. How you partnered your daughter through everything speaks volumes as to who you truly are. The nature of the work you do also speaks volumes. While we can be a saviour for someone else, a visionary and guide or leader for someone else, a support for someone else and so much more for someone else at the most challenging times in
their
life (like you've been for your daughter and those you serve in your job), I believe one of the hardest things to do is be our own saviour, our own seer and guide or leader, our own support and much more.
As an ex emotional drinker (earlier in my life), I'm now definitely an emotional eater and it shows. That's a whole topic on it's own, emotional eating. Whether it's eating to fill an emotional void, eating to feel some joy, eating to avoid facing the challenges that just feel too hard to face and/or eating to fuel a body that's
screaming
for energy while it experiences next to
no
physical energy, the reasons can be many yet are well worth working out. This is something I need to start constructively doing myself for many reasons.
It was many years ago that I gave a kind of identity to long term depression, while I faced it. I came to imagine it as this thing that resembles a nasty little creature hanging on around my neck, whispering horrible things into my ear. I imagined it also holding a long dark cloak around my neck with all these labels pinned to it ('hopeless', 'pathetic', 'loser', 'someone who will never change' and the list goes on). Over time the whispers add up. Over time, the cloak gains weight with all the labels weighing a person down. I came to realise that if there is one thing this nasty little creature thrives on it is getting us alone. Only when we're alone can it do its worst. We should never be left to face depression alone. How to be free of the whispers and how to be free of the cloak becomes a
shared
mission.
❤️"
Grief and loss,Grief. 10 years later. - Beyond Blue Forums - 616364,https://forums.beyondblue.org.au/t5/grief-and-loss/grief-10-years-later/td-p/616364,4,"This.
""
if anything it is a compliment to what you had before and are anxious to return to.""
Woah.
I had to catch my breath.
Thank you so much for your kind and encouraging post.
I've been pushing any type of romantic potential away for so long. Being with someone would feel...I dunno....false, fake...I'd be hyper vigilante....waiting for the wrong thing to occur.
I agree, I do need to start up counselling again. Its me who needs to fall in love....with me. Firstly.
I just miss him. I miss us.
Thankyou once again."
Grief and loss,Grief. 10 years later. - Beyond Blue Forums - 616364,https://forums.beyondblue.org.au/t5/grief-and-loss/grief-10-years-later/td-p/616364,5,"I cannot tell you enough, how much your post means to me.
It's 1.30am and I am allowing myself a treat of a sleep in tomorrow morning ( sunday)
I am up late, alone with the cats...overthubking once again.
Debunking the same ol same ol guilt, disgust and shame I feel with myself, using yours and the previous contributiors hindsight has eased that...alot.
I like how you named your emotions and described them, I use a similar tool of late...I invite them to my little antique  mahogany table, have them introduce themselves, describe why they deserve to sit with me at the table, honour why they wanted to be there, thank them for showing up and kindly ask them to leave.
It's tricky, and maybe not entirely the right thing to do...but, it's something right?
My daughter is encouraging me to gym with her, bless her heart.
She remembers a time I spent a year doing kind things for myself( including exercise) and doesn't give up on believing in me.
Once again.
Thankyou.  From the bottom of my heart"
Grief and loss,Grief. 10 years later. - Beyond Blue Forums - 616364,https://forums.beyondblue.org.au/t5/grief-and-loss/grief-10-years-later/td-p/616364,6,"Hi Broken79
Just checking in to see how you're doing and I also wish to thank you so much for offering the image of you sitting with your emotions. With me chatting with and questioning a whole range of emotions at the moment, thanks to your strategy, these emotions are actually now giving me answers. 'Guilt, why do you keep showing up on a regular basis?', 'Deep sadness, why do you keep coming to me at certain times?', 'Anger, what are you trying to achieve, in the way of certain relationships in my life (including the relationship I have with myself)?' and on it goes. I smile when I say that it seems to be the general consensus that all the tough emotions keep returning to me to wake me up. I suppose you could even say they're the 'tough love' emotions, which in a way are saying 'We love you enough to keep returning to you, to wake you up. Without us, you would not feel the desperate
need
to become more conscious'.
I smile even more when I consider, if my emotions were people, what my emotions would look like. Well, this is interesting as I've never done this until this very moment. Apparently guilt has a masculine appearance and it tends to shake its head and roll it's eyes while saying 'Oh my god, girl. You are so
hard
to wake up. I've been coming to you for years and
still
you won't wake up to why I'm here. You take so much responsibility for other people at times. Why the hell do you keep doing that? WAKE UP!!!'. Sadness feels feminine and it comes as a form of consolation. It comes to console me and embrace me while saying 'I know this hurts and I am here for you'. While people speak of 'to
wallow
in self pity', sadness says 'I got you. Rest your head in the
hollow
below my shoulder and cry it all out'. Apparently anger has no gender, in my mind. It simply comes as some sassy intolerant emotion, yelling at me 'CAN YOU NOT SEE
HOW
AND
WHY
THIS PERSON'S BEHAVIOUR WARRANTS MY APPEARANCE!!!!! You deserve better than this behaviour. WAKE UP!'.
Broken79, you should be my therapist
😁
. With you leading me to imagine sitting with emotions, I feel like I've been officially introduced to them for the first time. Thank you so much for handing me one of the keys in life when it comes to unlocking a way forward. I'll add it to my key ring, which holds the keys I've gathered so far."
Grief and loss,Grief. 10 years later. - Beyond Blue Forums - 616364,https://forums.beyondblue.org.au/t5/grief-and-loss/grief-10-years-later/td-p/616364,7,"Hi Broken79 - sorry to hear how you feel and all you have been through. I think it would be useful to see a GP and get a mental health plan (to see a psychologist) and see if there is any medication that could help you with your mood. If you are worried about your weight, the GP may also be able to assist there also.
Feelings of guilt and shame can be addressed with a psychologist. My feeling is that you are a good person who may have made an error of judgement (like we all do) and that you deserve some self-compassion. You can still have a meaningful life.
Thinking of you."
